"cveloc","cvegeo","nom_mun","nom_loc","cve_col","nom_col","pobtot","caract","valor","num","clasf_prop"
260460001,"2604600010127001","Oquitoa","Oquitoa","260460001977","CENTRO",18,"recucall_c",1,1,"Todas las
vialidades"
260460001,"2604600010127001","Oquitoa","Oquitoa","260460001977","CENTRO",18,"acesoper_c",3,1,"Ninguna
vialidad"
260460001,"2604600010127001","Oquitoa","Oquitoa","260460001977","CENTRO",18,"acesoaut_c",3,1,"Ninguna
vialidad"
260460001,"2604600010127001","Oquitoa","Oquitoa","260460001977","CENTRO",18,"pasopeat_c",3,1,"Ninguna
vialidad"
260460001,"2604600010127001","Oquitoa","Oquitoa","260460001977","CENTRO",18,"drenajep_c",3,1,"Ninguna
vialidad"
260460001,"2604600010127001","Oquitoa","Oquitoa","260460001977","CENTRO",18,"transcol_c",3,1,"Ninguna
vialidad"
260460001,"2604600010127001","Oquitoa","Oquitoa","260460001977","CENTRO",18,"ciclovia_c",3,1,"Ninguna
vialidad"
260460001,"2604600010127001","Oquitoa","Oquitoa","260460001977","CENTRO",18,"ciclocarril_c",3,1,"Ninguna
vialidad"
260460001,"2604600010127001","Oquitoa","Oquitoa","260460001977","CENTRO",18,"letrero_c",1,1,"Todas las
vialidades"
260460001,"2604600010127001","Oquitoa","Oquitoa","260460001977","CENTRO",18,"rampas_c",3,1,"Ninguna
vialidad"
260460001,"2604600010127001","Oquitoa","Oquitoa","260460001977","CENTRO",18,"semaforopeat_c",3,1,"Ninguna
vialidad"
260460001,"2604600010127001","Oquitoa","Oquitoa","260460001977","CENTRO",18,"semaforoaudi_c",3,1,"Ninguna
vialidad"
260460001,"2604600010127001","Oquitoa","Oquitoa","260460001977","CENTRO",18,"paradatrans_c",3,1,"Ninguna
vialidad"
260460001,"2604600010127001","Oquitoa","Oquitoa","260460001977","CENTRO",18,"estacionbici_c",3,1,"Ninguna
vialidad"
260460001,"2604600010127001","Oquitoa","Oquitoa","260460001977","CENTRO",18,"arboles_c",1,1,"Todas las
vialidades"
260460001,"2604600010127001","Oquitoa","Oquitoa","260460001977","CENTRO",18,"alumpub_c",1,1,"Todas las
vialidades"
260460001,"2604600010127001","Oquitoa","Oquitoa","260460001977","CENTRO",18,"telpub_c",3,1,"Ninguna
vialidad"
260460001,"2604600010127001","Oquitoa","Oquitoa","260460001977","CENTRO",18,"puessemi_c",3,1,"Ninguna
vialidad"
260460001,"2604600010127001","Oquitoa","Oquitoa","260460001977","CENTRO",18,"puesambu_c",3,1,"Ninguna
vialidad"
260460001,"2604600010127001","Oquitoa","Oquitoa","260460001977","CENTRO",18,"banqueta_c",1,1,"Todas las
vialidades"
260460001,"2604600010127001","Oquitoa","Oquitoa","260460001977","CENTRO",18,"guarnici_c",1,1,"Todas las
vialidades"
260460001,"2604600010127002","Oquitoa","Oquitoa","260460001977","CENTRO",12,"recucall_c",1,1,"Todas las
vialidades"
260460001,"2604600010127002","Oquitoa","Oquitoa","260460001977","CENTRO",12,"acesoper_c",3,1,"Ninguna
vialidad"
260460001,"2604600010127002","Oquitoa","Oquitoa","260460001977","CENTRO",12,"acesoaut_c",3,1,"Ninguna
vialidad"
260460001,"2604600010127002","Oquitoa","Oquitoa","260460001977","CENTRO",12,"pasopeat_c",3,1,"Ninguna
vialidad"
260460001,"2604600010127002","Oquitoa","Oquitoa","260460001977","CENTRO",12,"drenajep_c",3,1,"Ninguna
vialidad"
260460001,"2604600010127002","Oquitoa","Oquitoa","260460001977","CENTRO",12,"transcol_c",3,1,"Ninguna
vialidad"
260460001,"2604600010127002","Oquitoa","Oquitoa","260460001977","CENTRO",12,"ciclovia_c",3,1,"Ninguna
vialidad"
260460001,"2604600010127002","Oquitoa","Oquitoa","260460001977","CENTRO",12,"ciclocarril_c",3,1,"Ninguna
vialidad"
260460001,"2604600010127002","Oquitoa","Oquitoa","260460001977","CENTRO",12,"letrero_c",2,1,"Alguna
vialidad"
260460001,"2604600010127002","Oquitoa","Oquitoa","260460001977","CENTRO",12,"rampas_c",3,1,"Ninguna
vialidad"
260460001,"2604600010127002","Oquitoa","Oquitoa","260460001977","CENTRO",12,"semaforopeat_c",3,1,"Ninguna
vialidad"
260460001,"2604600010127002","Oquitoa","Oquitoa","260460001977","CENTRO",12,"semaforoaudi_c",3,1,"Ninguna
vialidad"
260460001,"2604600010127002","Oquitoa","Oquitoa","260460001977","CENTRO",12,"paradatrans_c",3,1,"Ninguna
vialidad"
260460001,"2604600010127002","Oquitoa","Oquitoa","260460001977","CENTRO",12,"estacionbici_c",3,1,"Ninguna
vialidad"
260460001,"2604600010127002","Oquitoa","Oquitoa","260460001977","CENTRO",12,"arboles_c",2,1,"Alguna
vialidad"
260460001,"2604600010127002","Oquitoa","Oquitoa","260460001977","CENTRO",12,"alumpub_c",1,1,"Todas las
vialidades"
260460001,"2604600010127002","Oquitoa","Oquitoa","260460001977","CENTRO",12,"telpub_c",3,1,"Ninguna
vialidad"
260460001,"2604600010127002","Oquitoa","Oquitoa","260460001977","CENTRO",12,"puessemi_c",3,1,"Ninguna
vialidad"
260460001,"2604600010127002","Oquitoa","Oquitoa","260460001977","CENTRO",12,"puesambu_c",3,1,"Ninguna
vialidad"
260460001,"2604600010127002","Oquitoa","Oquitoa","260460001977","CENTRO",12,"banqueta_c",2,1,"Alguna
vialidad"
260460001,"2604600010127002","Oquitoa","Oquitoa","260460001977","CENTRO",12,"guarnici_c",2,1,"Alguna
vialidad"
260460001,"2604600010127003","Oquitoa","Oquitoa","260460001977","CENTRO",1,"recucall_c",1,1,"Todas las
vialidades"
260460001,"2604600010127003","Oquitoa","Oquitoa","260460001977","CENTRO",1,"acesoper_c",3,1,"Ninguna
vialidad"
260460001,"2604600010127003","Oquitoa","Oquitoa","260460001977","CENTRO",1,"acesoaut_c",3,1,"Ninguna
vialidad"
260460001,"2604600010127003","Oquitoa","Oquitoa","260460001977","CENTRO",1,"pasopeat_c",1,1,"Todas las
vialidades"
260460001,"2604600010127003","Oquitoa","Oquitoa","260460001977","CENTRO",1,"drenajep_c",3,1,"Ninguna
vialidad"
260460001,"2604600010127003","Oquitoa","Oquitoa","260460001977","CENTRO",1,"transcol_c",3,1,"Ninguna
vialidad"
260460001,"2604600010127003","Oquitoa","Oquitoa","260460001977","CENTRO",1,"ciclovia_c",3,1,"Ninguna
vialidad"
260460001,"2604600010127003","Oquitoa","Oquitoa","260460001977","CENTRO",1,"ciclocarril_c",3,1,"Ninguna
vialidad"
260460001,"2604600010127003","Oquitoa","Oquitoa","260460001977","CENTRO",1,"letrero_c",3,1,"Ninguna
vialidad"
260460001,"2604600010127003","Oquitoa","Oquitoa","260460001977","CENTRO",1,"rampas_c",3,1,"Ninguna
vialidad"
260460001,"2604600010127003","Oquitoa","Oquitoa","260460001977","CENTRO",1,"semaforopeat_c",3,1,"Ninguna
vialidad"
260460001,"2604600010127003","Oquitoa","Oquitoa","260460001977","CENTRO",1,"semaforoaudi_c",3,1,"Ninguna
vialidad"
260460001,"2604600010127003","Oquitoa","Oquitoa","260460001977","CENTRO",1,"paradatrans_c",3,1,"Ninguna
vialidad"
260460001,"2604600010127003","Oquitoa","Oquitoa","260460001977","CENTRO",1,"estacionbici_c",3,1,"Ninguna
vialidad"
260460001,"2604600010127003","Oquitoa","Oquitoa","260460001977","CENTRO",1,"arboles_c",2,1,"Alguna
vialidad"
260460001,"2604600010127003","Oquitoa","Oquitoa","260460001977","CENTRO",1,"alumpub_c",1,1,"Todas las
vialidades"
260460001,"2604600010127003","Oquitoa","Oquitoa","260460001977","CENTRO",1,"telpub_c",3,1,"Ninguna
vialidad"
260460001,"2604600010127003","Oquitoa","Oquitoa","260460001977","CENTRO",1,"puessemi_c",3,1,"Ninguna
vialidad"
260460001,"2604600010127003","Oquitoa","Oquitoa","260460001977","CENTRO",1,"puesambu_c",3,1,"Ninguna
vialidad"
260460001,"2604600010127003","Oquitoa","Oquitoa","260460001977","CENTRO",1,"banqueta_c",3,1,"Ninguna
vialidad"
260460001,"2604600010127003","Oquitoa","Oquitoa","260460001977","CENTRO",1,"guarnici_c",1,1,"Todas las
vialidades"
260460001,"2604600010127004","Oquitoa","Oquitoa","260460001977","CENTRO",21,"recucall_c",1,1,"Todas las
vialidades"
260460001,"2604600010127004","Oquitoa","Oquitoa","260460001977","CENTRO",21,"acesoper_c",3,1,"Ninguna
vialidad"
260460001,"2604600010127004","Oquitoa","Oquitoa","260460001977","CENTRO",21,"acesoaut_c",3,1,"Ninguna
vialidad"
260460001,"2604600010127004","Oquitoa","Oquitoa","260460001977","CENTRO",21,"pasopeat_c",1,1,"Todas las
vialidades"
260460001,"2604600010127004","Oquitoa","Oquitoa","260460001977","CENTRO",21,"drenajep_c",3,1,"Ninguna
vialidad"
260460001,"2604600010127004","Oquitoa","Oquitoa","260460001977","CENTRO",21,"transcol_c",3,1,"Ninguna
vialidad"
260460001,"2604600010127004","Oquitoa","Oquitoa","260460001977","CENTRO",21,"ciclovia_c",3,1,"Ninguna
vialidad"
260460001,"2604600010127004","Oquitoa","Oquitoa","260460001977","CENTRO",21,"ciclocarril_c",3,1,"Ninguna
vialidad"
260460001,"2604600010127004","Oquitoa","Oquitoa","260460001977","CENTRO",21,"letrero_c",2,1,"Alguna
vialidad"
260460001,"2604600010127004","Oquitoa","Oquitoa","260460001977","CENTRO",21,"rampas_c",3,1,"Ninguna
vialidad"
260460001,"2604600010127004","Oquitoa","Oquitoa","260460001977","CENTRO",21,"semaforopeat_c",3,1,"Ninguna
vialidad"
260460001,"2604600010127004","Oquitoa","Oquitoa","260460001977","CENTRO",21,"semaforoaudi_c",3,1,"Ninguna
vialidad"
260460001,"2604600010127004","Oquitoa","Oquitoa","260460001977","CENTRO",21,"paradatrans_c",3,1,"Ninguna
vialidad"
260460001,"2604600010127004","Oquitoa","Oquitoa","260460001977","CENTRO",21,"estacionbici_c",3,1,"Ninguna
vialidad"
260460001,"2604600010127004","Oquitoa","Oquitoa","260460001977","CENTRO",21,"arboles_c",2,1,"Alguna
vialidad"
260460001,"2604600010127004","Oquitoa","Oquitoa","260460001977","CENTRO",21,"alumpub_c",2,1,"Alguna
vialidad"
260460001,"2604600010127004","Oquitoa","Oquitoa","260460001977","CENTRO",21,"telpub_c",3,1,"Ninguna
vialidad"
260460001,"2604600010127004","Oquitoa","Oquitoa","260460001977","CENTRO",21,"puessemi_c",3,1,"Ninguna
vialidad"
260460001,"2604600010127004","Oquitoa","Oquitoa","260460001977","CENTRO",21,"puesambu_c",3,1,"Ninguna
vialidad"
260460001,"2604600010127004","Oquitoa","Oquitoa","260460001977","CENTRO",21,"banqueta_c",3,1,"Ninguna
vialidad"
260460001,"2604600010127004","Oquitoa","Oquitoa","260460001977","CENTRO",21,"guarnici_c",1,1,"Todas las
vialidades"
260460001,"2604600010127005","Oquitoa","Oquitoa","260460001977","CENTRO",12,"recucall_c",1,1,"Todas las
vialidades"
260460001,"2604600010127005","Oquitoa","Oquitoa","260460001977","CENTRO",12,"acesoper_c",3,1,"Ninguna
vialidad"
260460001,"2604600010127005","Oquitoa","Oquitoa","260460001977","CENTRO",12,"acesoaut_c",3,1,"Ninguna
vialidad"
260460001,"2604600010127005","Oquitoa","Oquitoa","260460001977","CENTRO",12,"pasopeat_c",1,1,"Todas las
vialidades"
260460001,"2604600010127005","Oquitoa","Oquitoa","260460001977","CENTRO",12,"drenajep_c",3,1,"Ninguna
vialidad"
260460001,"2604600010127005","Oquitoa","Oquitoa","260460001977","CENTRO",12,"transcol_c",3,1,"Ninguna
vialidad"
260460001,"2604600010127005","Oquitoa","Oquitoa","260460001977","CENTRO",12,"ciclovia_c",3,1,"Ninguna
vialidad"
260460001,"2604600010127005","Oquitoa","Oquitoa","260460001977","CENTRO",12,"ciclocarril_c",3,1,"Ninguna
vialidad"
260460001,"2604600010127005","Oquitoa","Oquitoa","260460001977","CENTRO",12,"letrero_c",1,1,"Todas las
vialidades"
260460001,"2604600010127005","Oquitoa","Oquitoa","260460001977","CENTRO",12,"rampas_c",3,1,"Ninguna
vialidad"
260460001,"2604600010127005","Oquitoa","Oquitoa","260460001977","CENTRO",12,"semaforopeat_c",3,1,"Ninguna
vialidad"
260460001,"2604600010127005","Oquitoa","Oquitoa","260460001977","CENTRO",12,"semaforoaudi_c",3,1,"Ninguna
vialidad"
260460001,"2604600010127005","Oquitoa","Oquitoa","260460001977","CENTRO",12,"paradatrans_c",3,1,"Ninguna
vialidad"
260460001,"2604600010127005","Oquitoa","Oquitoa","260460001977","CENTRO",12,"estacionbici_c",3,1,"Ninguna
vialidad"
260460001,"2604600010127005","Oquitoa","Oquitoa","260460001977","CENTRO",12,"arboles_c",3,1,"Ninguna
vialidad"
260460001,"2604600010127005","Oquitoa","Oquitoa","260460001977","CENTRO",12,"alumpub_c",2,1,"Alguna
vialidad"
260460001,"2604600010127005","Oquitoa","Oquitoa","260460001977","CENTRO",12,"telpub_c",3,1,"Ninguna
vialidad"
260460001,"2604600010127005","Oquitoa","Oquitoa","260460001977","CENTRO",12,"puessemi_c",3,1,"Ninguna
vialidad"
260460001,"2604600010127005","Oquitoa","Oquitoa","260460001977","CENTRO",12,"puesambu_c",3,1,"Ninguna
vialidad"
260460001,"2604600010127005","Oquitoa","Oquitoa","260460001977","CENTRO",12,"banqueta_c",2,1,"Alguna
vialidad"
260460001,"2604600010127005","Oquitoa","Oquitoa","260460001977","CENTRO",12,"guarnici_c",2,1,"Alguna
vialidad"
260460001,"2604600010127006","Oquitoa","Oquitoa","260460001977","CENTRO",16,"recucall_c",1,1,"Todas las
vialidades"
260460001,"2604600010127006","Oquitoa","Oquitoa","260460001977","CENTRO",16,"acesoper_c",3,1,"Ninguna
vialidad"
260460001,"2604600010127006","Oquitoa","Oquitoa","260460001977","CENTRO",16,"acesoaut_c",3,1,"Ninguna
vialidad"
260460001,"2604600010127006","Oquitoa","Oquitoa","260460001977","CENTRO",16,"pasopeat_c",1,1,"Todas las
vialidades"
260460001,"2604600010127006","Oquitoa","Oquitoa","260460001977","CENTRO",16,"drenajep_c",2,1,"Alguna
vialidad"
260460001,"2604600010127006","Oquitoa","Oquitoa","260460001977","CENTRO",16,"transcol_c",3,1,"Ninguna
vialidad"
260460001,"2604600010127006","Oquitoa","Oquitoa","260460001977","CENTRO",16,"ciclovia_c",3,1,"Ninguna
vialidad"
260460001,"2604600010127006","Oquitoa","Oquitoa","260460001977","CENTRO",16,"ciclocarril_c",3,1,"Ninguna
vialidad"
260460001,"2604600010127006","Oquitoa","Oquitoa","260460001977","CENTRO",16,"letrero_c",2,1,"Alguna
vialidad"
260460001,"2604600010127006","Oquitoa","Oquitoa","260460001977","CENTRO",16,"rampas_c",3,1,"Ninguna
vialidad"
260460001,"2604600010127006","Oquitoa","Oquitoa","260460001977","CENTRO",16,"semaforopeat_c",3,1,"Ninguna
vialidad"
260460001,"2604600010127006","Oquitoa","Oquitoa","260460001977","CENTRO",16,"semaforoaudi_c",3,1,"Ninguna
vialidad"
260460001,"2604600010127006","Oquitoa","Oquitoa","260460001977","CENTRO",16,"paradatrans_c",3,1,"Ninguna
vialidad"
260460001,"2604600010127006","Oquitoa","Oquitoa","260460001977","CENTRO",16,"estacionbici_c",3,1,"Ninguna
vialidad"
260460001,"2604600010127006","Oquitoa","Oquitoa","260460001977","CENTRO",16,"arboles_c",1,1,"Todas las
vialidades"
260460001,"2604600010127006","Oquitoa","Oquitoa","260460001977","CENTRO",16,"alumpub_c",1,1,"Todas las
vialidades"
260460001,"2604600010127006","Oquitoa","Oquitoa","260460001977","CENTRO",16,"telpub_c",3,1,"Ninguna
vialidad"
260460001,"2604600010127006","Oquitoa","Oquitoa","260460001977","CENTRO",16,"puessemi_c",3,1,"Ninguna
vialidad"
260460001,"2604600010127006","Oquitoa","Oquitoa","260460001977","CENTRO",16,"puesambu_c",3,1,"Ninguna
vialidad"
260460001,"2604600010127006","Oquitoa","Oquitoa","260460001977","CENTRO",16,"banqueta_c",2,1,"Alguna
vialidad"
260460001,"2604600010127006","Oquitoa","Oquitoa","260460001977","CENTRO",16,"guarnici_c",1,1,"Todas las
vialidades"
260460001,"2604600010127007","Oquitoa","Oquitoa","260460001977","CENTRO",2,"recucall_c",1,1,"Todas las
vialidades"
260460001,"2604600010127007","Oquitoa","Oquitoa","260460001977","CENTRO",2,"acesoper_c",3,1,"Ninguna
vialidad"
260460001,"2604600010127007","Oquitoa","Oquitoa","260460001977","CENTRO",2,"acesoaut_c",3,1,"Ninguna
vialidad"
260460001,"2604600010127007","Oquitoa","Oquitoa","260460001977","CENTRO",2,"pasopeat_c",3,1,"Ninguna
vialidad"
260460001,"2604600010127007","Oquitoa","Oquitoa","260460001977","CENTRO",2,"drenajep_c",3,1,"Ninguna
vialidad"
260460001,"2604600010127007","Oquitoa","Oquitoa","260460001977","CENTRO",2,"transcol_c",3,1,"Ninguna
vialidad"
260460001,"2604600010127007","Oquitoa","Oquitoa","260460001977","CENTRO",2,"ciclovia_c",3,1,"Ninguna
vialidad"
260460001,"2604600010127007","Oquitoa","Oquitoa","260460001977","CENTRO",2,"ciclocarril_c",3,1,"Ninguna
vialidad"
260460001,"2604600010127007","Oquitoa","Oquitoa","260460001977","CENTRO",2,"letrero_c",1,1,"Todas las
vialidades"
260460001,"2604600010127007","Oquitoa","Oquitoa","260460001977","CENTRO",2,"rampas_c",2,1,"Alguna
vialidad"
260460001,"2604600010127007","Oquitoa","Oquitoa","260460001977","CENTRO",2,"semaforopeat_c",3,1,"Ninguna
vialidad"
260460001,"2604600010127007","Oquitoa","Oquitoa","260460001977","CENTRO",2,"semaforoaudi_c",3,1,"Ninguna
vialidad"
260460001,"2604600010127007","Oquitoa","Oquitoa","260460001977","CENTRO",2,"paradatrans_c",3,1,"Ninguna
vialidad"
260460001,"2604600010127007","Oquitoa","Oquitoa","260460001977","CENTRO",2,"estacionbici_c",3,1,"Ninguna
vialidad"
260460001,"2604600010127007","Oquitoa","Oquitoa","260460001977","CENTRO",2,"arboles_c",2,1,"Alguna
vialidad"
260460001,"2604600010127007","Oquitoa","Oquitoa","260460001977","CENTRO",2,"alumpub_c",2,1,"Alguna
vialidad"
260460001,"2604600010127007","Oquitoa","Oquitoa","260460001977","CENTRO",2,"telpub_c",3,1,"Ninguna
vialidad"
260460001,"2604600010127007","Oquitoa","Oquitoa","260460001977","CENTRO",2,"puessemi_c",3,1,"Ninguna
vialidad"
260460001,"2604600010127007","Oquitoa","Oquitoa","260460001977","CENTRO",2,"puesambu_c",3,1,"Ninguna
vialidad"
260460001,"2604600010127007","Oquitoa","Oquitoa","260460001977","CENTRO",2,"banqueta_c",2,1,"Alguna
vialidad"
260460001,"2604600010127007","Oquitoa","Oquitoa","260460001977","CENTRO",2,"guarnici_c",1,1,"Todas las
vialidades"
260460001,"2604600010127008","Oquitoa","Oquitoa","260460001977","CENTRO",29,"recucall_c",1,1,"Todas las
vialidades"
260460001,"2604600010127008","Oquitoa","Oquitoa","260460001977","CENTRO",29,"acesoper_c",3,1,"Ninguna
vialidad"
260460001,"2604600010127008","Oquitoa","Oquitoa","260460001977","CENTRO",29,"acesoaut_c",3,1,"Ninguna
vialidad"
260460001,"2604600010127008","Oquitoa","Oquitoa","260460001977","CENTRO",29,"pasopeat_c",3,1,"Ninguna
vialidad"
260460001,"2604600010127008","Oquitoa","Oquitoa","260460001977","CENTRO",29,"drenajep_c",3,1,"Ninguna
vialidad"
260460001,"2604600010127008","Oquitoa","Oquitoa","260460001977","CENTRO",29,"transcol_c",3,1,"Ninguna
vialidad"
260460001,"2604600010127008","Oquitoa","Oquitoa","260460001977","CENTRO",29,"ciclovia_c",3,1,"Ninguna
vialidad"
260460001,"2604600010127008","Oquitoa","Oquitoa","260460001977","CENTRO",29,"ciclocarril_c",3,1,"Ninguna
vialidad"
260460001,"2604600010127008","Oquitoa","Oquitoa","260460001977","CENTRO",29,"letrero_c",2,1,"Alguna
vialidad"
260460001,"2604600010127008","Oquitoa","Oquitoa","260460001977","CENTRO",29,"rampas_c",3,1,"Ninguna
vialidad"
260460001,"2604600010127008","Oquitoa","Oquitoa","260460001977","CENTRO",29,"semaforopeat_c",3,1,"Ninguna
vialidad"
260460001,"2604600010127008","Oquitoa","Oquitoa","260460001977","CENTRO",29,"semaforoaudi_c",3,1,"Ninguna
vialidad"
260460001,"2604600010127008","Oquitoa","Oquitoa","260460001977","CENTRO",29,"paradatrans_c",3,1,"Ninguna
vialidad"
260460001,"2604600010127008","Oquitoa","Oquitoa","260460001977","CENTRO",29,"estacionbici_c",3,1,"Ninguna
vialidad"
260460001,"2604600010127008","Oquitoa","Oquitoa","260460001977","CENTRO",29,"arboles_c",2,1,"Alguna
vialidad"
260460001,"2604600010127008","Oquitoa","Oquitoa","260460001977","CENTRO",29,"alumpub_c",1,1,"Todas las
vialidades"
260460001,"2604600010127008","Oquitoa","Oquitoa","260460001977","CENTRO",29,"telpub_c",3,1,"Ninguna
vialidad"
260460001,"2604600010127008","Oquitoa","Oquitoa","260460001977","CENTRO",29,"puessemi_c",3,1,"Ninguna
vialidad"
260460001,"2604600010127008","Oquitoa","Oquitoa","260460001977","CENTRO",29,"puesambu_c",3,1,"Ninguna
vialidad"
260460001,"2604600010127008","Oquitoa","Oquitoa","260460001977","CENTRO",29,"banqueta_c",2,1,"Alguna
vialidad"
260460001,"2604600010127008","Oquitoa","Oquitoa","260460001977","CENTRO",29,"guarnici_c",2,1,"Alguna
vialidad"
260460001,"2604600010127009","Oquitoa","Oquitoa","260460001977","CENTRO",7,"recucall_c",1,1,"Todas las
vialidades"
260460001,"2604600010127009","Oquitoa","Oquitoa","260460001977","CENTRO",7,"acesoper_c",2,1,"Alguna
vialidad"
260460001,"2604600010127009","Oquitoa","Oquitoa","260460001977","CENTRO",7,"acesoaut_c",2,1,"Alguna
vialidad"
260460001,"2604600010127009","Oquitoa","Oquitoa","260460001977","CENTRO",7,"pasopeat_c",2,1,"Alguna
vialidad"
260460001,"2604600010127009","Oquitoa","Oquitoa","260460001977","CENTRO",7,"drenajep_c",3,1,"Ninguna
vialidad"
260460001,"2604600010127009","Oquitoa","Oquitoa","260460001977","CENTRO",7,"transcol_c",3,1,"Ninguna
vialidad"
260460001,"2604600010127009","Oquitoa","Oquitoa","260460001977","CENTRO",7,"ciclovia_c",3,1,"Ninguna
vialidad"
260460001,"2604600010127009","Oquitoa","Oquitoa","260460001977","CENTRO",7,"ciclocarril_c",3,1,"Ninguna
vialidad"
260460001,"2604600010127009","Oquitoa","Oquitoa","260460001977","CENTRO",7,"letrero_c",2,1,"Alguna
vialidad"
260460001,"2604600010127009","Oquitoa","Oquitoa","260460001977","CENTRO",7,"rampas_c",3,1,"Ninguna
vialidad"
260460001,"2604600010127009","Oquitoa","Oquitoa","260460001977","CENTRO",7,"semaforopeat_c",3,1,"Ninguna
vialidad"
260460001,"2604600010127009","Oquitoa","Oquitoa","260460001977","CENTRO",7,"semaforoaudi_c",3,1,"Ninguna
vialidad"
260460001,"2604600010127009","Oquitoa","Oquitoa","260460001977","CENTRO",7,"paradatrans_c",3,1,"Ninguna
vialidad"
260460001,"2604600010127009","Oquitoa","Oquitoa","260460001977","CENTRO",7,"estacionbici_c",3,1,"Ninguna
vialidad"
260460001,"2604600010127009","Oquitoa","Oquitoa","260460001977","CENTRO",7,"arboles_c",2,1,"Alguna
vialidad"
260460001,"2604600010127009","Oquitoa","Oquitoa","260460001977","CENTRO",7,"alumpub_c",2,1,"Alguna
vialidad"
260460001,"2604600010127009","Oquitoa","Oquitoa","260460001977","CENTRO",7,"telpub_c",3,1,"Ninguna
vialidad"
260460001,"2604600010127009","Oquitoa","Oquitoa","260460001977","CENTRO",7,"puessemi_c",3,1,"Ninguna
vialidad"
260460001,"2604600010127009","Oquitoa","Oquitoa","260460001977","CENTRO",7,"puesambu_c",3,1,"Ninguna
vialidad"
260460001,"2604600010127009","Oquitoa","Oquitoa","260460001977","CENTRO",7,"banqueta_c",2,1,"Alguna
vialidad"
260460001,"2604600010127009","Oquitoa","Oquitoa","260460001977","CENTRO",7,"guarnici_c",1,1,"Todas las
vialidades"
260460001,"2604600010127010","Oquitoa","Oquitoa","260460001977","CENTRO",58,"recucall_c",1,1,"Todas las
vialidades"
260460001,"2604600010127010","Oquitoa","Oquitoa","260460001977","CENTRO",58,"acesoper_c",2,1,"Alguna
vialidad"
260460001,"2604600010127010","Oquitoa","Oquitoa","260460001977","CENTRO",58,"acesoaut_c",2,1,"Alguna
vialidad"
260460001,"2604600010127010","Oquitoa","Oquitoa","260460001977","CENTRO",58,"pasopeat_c",2,1,"Alguna
vialidad"
260460001,"2604600010127010","Oquitoa","Oquitoa","260460001977","CENTRO",58,"drenajep_c",3,1,"Ninguna
vialidad"
260460001,"2604600010127010","Oquitoa","Oquitoa","260460001977","CENTRO",58,"transcol_c",3,1,"Ninguna
vialidad"
260460001,"2604600010127010","Oquitoa","Oquitoa","260460001977","CENTRO",58,"ciclovia_c",3,1,"Ninguna
vialidad"
260460001,"2604600010127010","Oquitoa","Oquitoa","260460001977","CENTRO",58,"ciclocarril_c",3,1,"Ninguna
vialidad"
260460001,"2604600010127010","Oquitoa","Oquitoa","260460001977","CENTRO",58,"letrero_c",2,1,"Alguna
vialidad"
260460001,"2604600010127010","Oquitoa","Oquitoa","260460001977","CENTRO",58,"rampas_c",3,1,"Ninguna
vialidad"
260460001,"2604600010127010","Oquitoa","Oquitoa","260460001977","CENTRO",58,"semaforopeat_c",3,1,"Ninguna
vialidad"
260460001,"2604600010127010","Oquitoa","Oquitoa","260460001977","CENTRO",58,"semaforoaudi_c",3,1,"Ninguna
vialidad"
260460001,"2604600010127010","Oquitoa","Oquitoa","260460001977","CENTRO",58,"paradatrans_c",3,1,"Ninguna
vialidad"
260460001,"2604600010127010","Oquitoa","Oquitoa","260460001977","CENTRO",58,"estacionbici_c",3,1,"Ninguna
vialidad"
260460001,"2604600010127010","Oquitoa","Oquitoa","260460001977","CENTRO",58,"arboles_c",2,1,"Alguna
vialidad"
260460001,"2604600010127010","Oquitoa","Oquitoa","260460001977","CENTRO",58,"alumpub_c",2,1,"Alguna
vialidad"
260460001,"2604600010127010","Oquitoa","Oquitoa","260460001977","CENTRO",58,"telpub_c",3,1,"Ninguna
vialidad"
260460001,"2604600010127010","Oquitoa","Oquitoa","260460001977","CENTRO",58,"puessemi_c",3,1,"Ninguna
vialidad"
260460001,"2604600010127010","Oquitoa","Oquitoa","260460001977","CENTRO",58,"puesambu_c",3,1,"Ninguna
vialidad"
260460001,"2604600010127010","Oquitoa","Oquitoa","260460001977","CENTRO",58,"banqueta_c",2,1,"Alguna
vialidad"
260460001,"2604600010127010","Oquitoa","Oquitoa","260460001977","CENTRO",58,"guarnici_c",2,1,"Alguna
vialidad"
260460001,"2604600010127011","Oquitoa","Oquitoa","260460001977","CENTRO",13,"recucall_c",1,1,"Todas las
vialidades"
260460001,"2604600010127011","Oquitoa","Oquitoa","260460001977","CENTRO",13,"acesoper_c",3,1,"Ninguna
vialidad"
260460001,"2604600010127011","Oquitoa","Oquitoa","260460001977","CENTRO",13,"acesoaut_c",3,1,"Ninguna
vialidad"
260460001,"2604600010127011","Oquitoa","Oquitoa","260460001977","CENTRO",13,"pasopeat_c",1,1,"Todas las
vialidades"
260460001,"2604600010127011","Oquitoa","Oquitoa","260460001977","CENTRO",13,"drenajep_c",3,1,"Ninguna
vialidad"
260460001,"2604600010127011","Oquitoa","Oquitoa","260460001977","CENTRO",13,"transcol_c",3,1,"Ninguna
vialidad"
260460001,"2604600010127011","Oquitoa","Oquitoa","260460001977","CENTRO",13,"ciclovia_c",3,1,"Ninguna
vialidad"
260460001,"2604600010127011","Oquitoa","Oquitoa","260460001977","CENTRO",13,"ciclocarril_c",3,1,"Ninguna
vialidad"
260460001,"2604600010127011","Oquitoa","Oquitoa","260460001977","CENTRO",13,"letrero_c",1,1,"Todas las
vialidades"
260460001,"2604600010127011","Oquitoa","Oquitoa","260460001977","CENTRO",13,"rampas_c",2,1,"Alguna
vialidad"
260460001,"2604600010127011","Oquitoa","Oquitoa","260460001977","CENTRO",13,"semaforopeat_c",3,1,"Ninguna
vialidad"
260460001,"2604600010127011","Oquitoa","Oquitoa","260460001977","CENTRO",13,"semaforoaudi_c",3,1,"Ninguna
vialidad"
260460001,"2604600010127011","Oquitoa","Oquitoa","260460001977","CENTRO",13,"paradatrans_c",3,1,"Ninguna
vialidad"
260460001,"2604600010127011","Oquitoa","Oquitoa","260460001977","CENTRO",13,"estacionbici_c",3,1,"Ninguna
vialidad"
260460001,"2604600010127011","Oquitoa","Oquitoa","260460001977","CENTRO",13,"arboles_c",2,1,"Alguna
vialidad"
260460001,"2604600010127011","Oquitoa","Oquitoa","260460001977","CENTRO",13,"alumpub_c",2,1,"Alguna
vialidad"
260460001,"2604600010127011","Oquitoa","Oquitoa","260460001977","CENTRO",13,"telpub_c",3,1,"Ninguna
vialidad"
260460001,"2604600010127011","Oquitoa","Oquitoa","260460001977","CENTRO",13,"puessemi_c",3,1,"Ninguna
vialidad"
260460001,"2604600010127011","Oquitoa","Oquitoa","260460001977","CENTRO",13,"puesambu_c",3,1,"Ninguna
vialidad"
260460001,"2604600010127011","Oquitoa","Oquitoa","260460001977","CENTRO",13,"banqueta_c",2,1,"Alguna
vialidad"
260460001,"2604600010127011","Oquitoa","Oquitoa","260460001977","CENTRO",13,"guarnici_c",2,1,"Alguna
vialidad"
260460001,"2604600010127012","Oquitoa","Oquitoa","260460001977","CENTRO",30,"recucall_c",1,1,"Todas las
vialidades"
260460001,"2604600010127012","Oquitoa","Oquitoa","260460001977","CENTRO",30,"acesoper_c",2,1,"Alguna
vialidad"
260460001,"2604600010127012","Oquitoa","Oquitoa","260460001977","CENTRO",30,"acesoaut_c",2,1,"Alguna
vialidad"
260460001,"2604600010127012","Oquitoa","Oquitoa","260460001977","CENTRO",30,"pasopeat_c",2,1,"Alguna
vialidad"
260460001,"2604600010127012","Oquitoa","Oquitoa","260460001977","CENTRO",30,"drenajep_c",2,1,"Alguna
vialidad"
260460001,"2604600010127012","Oquitoa","Oquitoa","260460001977","CENTRO",30,"transcol_c",3,1,"Ninguna
vialidad"
260460001,"2604600010127012","Oquitoa","Oquitoa","260460001977","CENTRO",30,"ciclovia_c",3,1,"Ninguna
vialidad"
260460001,"2604600010127012","Oquitoa","Oquitoa","260460001977","CENTRO",30,"ciclocarril_c",3,1,"Ninguna
vialidad"
260460001,"2604600010127012","Oquitoa","Oquitoa","260460001977","CENTRO",30,"letrero_c",1,1,"Todas las
vialidades"
260460001,"2604600010127012","Oquitoa","Oquitoa","260460001977","CENTRO",30,"rampas_c",3,1,"Ninguna
vialidad"
260460001,"2604600010127012","Oquitoa","Oquitoa","260460001977","CENTRO",30,"semaforopeat_c",3,1,"Ninguna
vialidad"
260460001,"2604600010127012","Oquitoa","Oquitoa","260460001977","CENTRO",30,"semaforoaudi_c",3,1,"Ninguna
vialidad"
260460001,"2604600010127012","Oquitoa","Oquitoa","260460001977","CENTRO",30,"paradatrans_c",3,1,"Ninguna
vialidad"
260460001,"2604600010127012","Oquitoa","Oquitoa","260460001977","CENTRO",30,"estacionbici_c",3,1,"Ninguna
vialidad"
260460001,"2604600010127012","Oquitoa","Oquitoa","260460001977","CENTRO",30,"arboles_c",2,1,"Alguna
vialidad"
260460001,"2604600010127012","Oquitoa","Oquitoa","260460001977","CENTRO",30,"alumpub_c",2,1,"Alguna
vialidad"
260460001,"2604600010127012","Oquitoa","Oquitoa","260460001977","CENTRO",30,"telpub_c",3,1,"Ninguna
vialidad"
260460001,"2604600010127012","Oquitoa","Oquitoa","260460001977","CENTRO",30,"puessemi_c",3,1,"Ninguna
vialidad"
260460001,"2604600010127012","Oquitoa","Oquitoa","260460001977","CENTRO",30,"puesambu_c",3,1,"Ninguna
vialidad"
260460001,"2604600010127012","Oquitoa","Oquitoa","260460001977","CENTRO",30,"banqueta_c",2,1,"Alguna
vialidad"
260460001,"2604600010127012","Oquitoa","Oquitoa","260460001977","CENTRO",30,"guarnici_c",1,1,"Todas las
vialidades"
260460001,"2604600010127013","Oquitoa","Oquitoa","260460001977","CENTRO",18,"recucall_c",1,1,"Todas las
vialidades"
260460001,"2604600010127013","Oquitoa","Oquitoa","260460001977","CENTRO",18,"acesoper_c",3,1,"Ninguna
vialidad"
260460001,"2604600010127013","Oquitoa","Oquitoa","260460001977","CENTRO",18,"acesoaut_c",2,1,"Alguna
vialidad"
260460001,"2604600010127013","Oquitoa","Oquitoa","260460001977","CENTRO",18,"pasopeat_c",3,1,"Ninguna
vialidad"
260460001,"2604600010127013","Oquitoa","Oquitoa","260460001977","CENTRO",18,"drenajep_c",3,1,"Ninguna
vialidad"
260460001,"2604600010127013","Oquitoa","Oquitoa","260460001977","CENTRO",18,"transcol_c",3,1,"Ninguna
vialidad"
260460001,"2604600010127013","Oquitoa","Oquitoa","260460001977","CENTRO",18,"ciclovia_c",3,1,"Ninguna
vialidad"
260460001,"2604600010127013","Oquitoa","Oquitoa","260460001977","CENTRO",18,"ciclocarril_c",3,1,"Ninguna
vialidad"
260460001,"2604600010127013","Oquitoa","Oquitoa","260460001977","CENTRO",18,"letrero_c",2,1,"Alguna
vialidad"
260460001,"2604600010127013","Oquitoa","Oquitoa","260460001977","CENTRO",18,"rampas_c",3,1,"Ninguna
vialidad"
260460001,"2604600010127013","Oquitoa","Oquitoa","260460001977","CENTRO",18,"semaforopeat_c",3,1,"Ninguna
vialidad"
260460001,"2604600010127013","Oquitoa","Oquitoa","260460001977","CENTRO",18,"semaforoaudi_c",3,1,"Ninguna
vialidad"
260460001,"2604600010127013","Oquitoa","Oquitoa","260460001977","CENTRO",18,"paradatrans_c",3,1,"Ninguna
vialidad"
260460001,"2604600010127013","Oquitoa","Oquitoa","260460001977","CENTRO",18,"estacionbici_c",3,1,"Ninguna
vialidad"
260460001,"2604600010127013","Oquitoa","Oquitoa","260460001977","CENTRO",18,"arboles_c",3,1,"Ninguna
vialidad"
260460001,"2604600010127013","Oquitoa","Oquitoa","260460001977","CENTRO",18,"alumpub_c",2,1,"Alguna
vialidad"
260460001,"2604600010127013","Oquitoa","Oquitoa","260460001977","CENTRO",18,"telpub_c",3,1,"Ninguna
vialidad"
260460001,"2604600010127013","Oquitoa","Oquitoa","260460001977","CENTRO",18,"puessemi_c",3,1,"Ninguna
vialidad"
260460001,"2604600010127013","Oquitoa","Oquitoa","260460001977","CENTRO",18,"puesambu_c",3,1,"Ninguna
vialidad"
260460001,"2604600010127013","Oquitoa","Oquitoa","260460001977","CENTRO",18,"banqueta_c",2,1,"Alguna
vialidad"
260460001,"2604600010127013","Oquitoa","Oquitoa","260460001977","CENTRO",18,"guarnici_c",1,1,"Todas las
vialidades"
260460001,"2604600010127014","Oquitoa","Oquitoa","260460001977","CENTRO",41,"recucall_c",1,1,"Todas las
vialidades"
260460001,"2604600010127014","Oquitoa","Oquitoa","260460001977","CENTRO",41,"acesoper_c",3,1,"Ninguna
vialidad"
260460001,"2604600010127014","Oquitoa","Oquitoa","260460001977","CENTRO",41,"acesoaut_c",3,1,"Ninguna
vialidad"
260460001,"2604600010127014","Oquitoa","Oquitoa","260460001977","CENTRO",41,"pasopeat_c",3,1,"Ninguna
vialidad"
260460001,"2604600010127014","Oquitoa","Oquitoa","260460001977","CENTRO",41,"drenajep_c",3,1,"Ninguna
vialidad"
260460001,"2604600010127014","Oquitoa","Oquitoa","260460001977","CENTRO",41,"transcol_c",3,1,"Ninguna
vialidad"
260460001,"2604600010127014","Oquitoa","Oquitoa","260460001977","CENTRO",41,"ciclovia_c",3,1,"Ninguna
vialidad"
260460001,"2604600010127014","Oquitoa","Oquitoa","260460001977","CENTRO",41,"ciclocarril_c",3,1,"Ninguna
vialidad"
260460001,"2604600010127014","Oquitoa","Oquitoa","260460001977","CENTRO",41,"letrero_c",1,1,"Todas las
vialidades"
260460001,"2604600010127014","Oquitoa","Oquitoa","260460001977","CENTRO",41,"rampas_c",3,1,"Ninguna
vialidad"
260460001,"2604600010127014","Oquitoa","Oquitoa","260460001977","CENTRO",41,"semaforopeat_c",3,1,"Ninguna
vialidad"
260460001,"2604600010127014","Oquitoa","Oquitoa","260460001977","CENTRO",41,"semaforoaudi_c",3,1,"Ninguna
vialidad"
260460001,"2604600010127014","Oquitoa","Oquitoa","260460001977","CENTRO",41,"paradatrans_c",3,1,"Ninguna
vialidad"
260460001,"2604600010127014","Oquitoa","Oquitoa","260460001977","CENTRO",41,"estacionbici_c",3,1,"Ninguna
vialidad"
260460001,"2604600010127014","Oquitoa","Oquitoa","260460001977","CENTRO",41,"arboles_c",3,1,"Ninguna
vialidad"
260460001,"2604600010127014","Oquitoa","Oquitoa","260460001977","CENTRO",41,"alumpub_c",1,1,"Todas las
vialidades"
260460001,"2604600010127014","Oquitoa","Oquitoa","260460001977","CENTRO",41,"telpub_c",3,1,"Ninguna
vialidad"
260460001,"2604600010127014","Oquitoa","Oquitoa","260460001977","CENTRO",41,"puessemi_c",3,1,"Ninguna
vialidad"
260460001,"2604600010127014","Oquitoa","Oquitoa","260460001977","CENTRO",41,"puesambu_c",3,1,"Ninguna
vialidad"
260460001,"2604600010127014","Oquitoa","Oquitoa","260460001977","CENTRO",41,"banqueta_c",1,1,"Todas las
vialidades"
260460001,"2604600010127014","Oquitoa","Oquitoa","260460001977","CENTRO",41,"guarnici_c",1,1,"Todas las
vialidades"
260460001,"2604600010127015","Oquitoa","Oquitoa","260460001977","CENTRO",19,"recucall_c",1,1,"Todas las
vialidades"
260460001,"2604600010127015","Oquitoa","Oquitoa","260460001977","CENTRO",19,"acesoper_c",3,1,"Ninguna
vialidad"
260460001,"2604600010127015","Oquitoa","Oquitoa","260460001977","CENTRO",19,"acesoaut_c",3,1,"Ninguna
vialidad"
260460001,"2604600010127015","Oquitoa","Oquitoa","260460001977","CENTRO",19,"pasopeat_c",3,1,"Ninguna
vialidad"
260460001,"2604600010127015","Oquitoa","Oquitoa","260460001977","CENTRO",19,"drenajep_c",3,1,"Ninguna
vialidad"
260460001,"2604600010127015","Oquitoa","Oquitoa","260460001977","CENTRO",19,"transcol_c",3,1,"Ninguna
vialidad"
260460001,"2604600010127015","Oquitoa","Oquitoa","260460001977","CENTRO",19,"ciclovia_c",3,1,"Ninguna
vialidad"
260460001,"2604600010127015","Oquitoa","Oquitoa","260460001977","CENTRO",19,"ciclocarril_c",3,1,"Ninguna
vialidad"
260460001,"2604600010127015","Oquitoa","Oquitoa","260460001977","CENTRO",19,"letrero_c",1,1,"Todas las
vialidades"
260460001,"2604600010127015","Oquitoa","Oquitoa","260460001977","CENTRO",19,"rampas_c",3,1,"Ninguna
vialidad"
260460001,"2604600010127015","Oquitoa","Oquitoa","260460001977","CENTRO",19,"semaforopeat_c",3,1,"Ninguna
vialidad"
260460001,"2604600010127015","Oquitoa","Oquitoa","260460001977","CENTRO",19,"semaforoaudi_c",3,1,"Ninguna
vialidad"
260460001,"2604600010127015","Oquitoa","Oquitoa","260460001977","CENTRO",19,"paradatrans_c",3,1,"Ninguna
vialidad"
260460001,"2604600010127015","Oquitoa","Oquitoa","260460001977","CENTRO",19,"estacionbici_c",3,1,"Ninguna
vialidad"
260460001,"2604600010127015","Oquitoa","Oquitoa","260460001977","CENTRO",19,"arboles_c",3,1,"Ninguna
vialidad"
260460001,"2604600010127015","Oquitoa","Oquitoa","260460001977","CENTRO",19,"alumpub_c",1,1,"Todas las
vialidades"
260460001,"2604600010127015","Oquitoa","Oquitoa","260460001977","CENTRO",19,"telpub_c",3,1,"Ninguna
vialidad"
260460001,"2604600010127015","Oquitoa","Oquitoa","260460001977","CENTRO",19,"puessemi_c",3,1,"Ninguna
vialidad"
260460001,"2604600010127015","Oquitoa","Oquitoa","260460001977","CENTRO",19,"puesambu_c",3,1,"Ninguna
vialidad"
260460001,"2604600010127015","Oquitoa","Oquitoa","260460001977","CENTRO",19,"banqueta_c",1,1,"Todas las
vialidades"
260460001,"2604600010127015","Oquitoa","Oquitoa","260460001977","CENTRO",19,"guarnici_c",1,1,"Todas las
vialidades"
260460001,"2604600010127017","Oquitoa","Oquitoa","260460001977","CENTRO",16,"recucall_c",1,1,"Todas las
vialidades"
260460001,"2604600010127017","Oquitoa","Oquitoa","260460001977","CENTRO",16,"acesoper_c",3,1,"Ninguna
vialidad"
260460001,"2604600010127017","Oquitoa","Oquitoa","260460001977","CENTRO",16,"acesoaut_c",3,1,"Ninguna
vialidad"
260460001,"2604600010127017","Oquitoa","Oquitoa","260460001977","CENTRO",16,"pasopeat_c",1,1,"Todas las
vialidades"
260460001,"2604600010127017","Oquitoa","Oquitoa","260460001977","CENTRO",16,"drenajep_c",3,1,"Ninguna
vialidad"
260460001,"2604600010127017","Oquitoa","Oquitoa","260460001977","CENTRO",16,"transcol_c",3,1,"Ninguna
vialidad"
260460001,"2604600010127017","Oquitoa","Oquitoa","260460001977","CENTRO",16,"ciclovia_c",3,1,"Ninguna
vialidad"
260460001,"2604600010127017","Oquitoa","Oquitoa","260460001977","CENTRO",16,"ciclocarril_c",3,1,"Ninguna
vialidad"
260460001,"2604600010127017","Oquitoa","Oquitoa","260460001977","CENTRO",16,"letrero_c",2,1,"Alguna
vialidad"
260460001,"2604600010127017","Oquitoa","Oquitoa","260460001977","CENTRO",16,"rampas_c",2,1,"Alguna
vialidad"
260460001,"2604600010127017","Oquitoa","Oquitoa","260460001977","CENTRO",16,"semaforopeat_c",3,1,"Ninguna
vialidad"
260460001,"2604600010127017","Oquitoa","Oquitoa","260460001977","CENTRO",16,"semaforoaudi_c",3,1,"Ninguna
vialidad"
260460001,"2604600010127017","Oquitoa","Oquitoa","260460001977","CENTRO",16,"paradatrans_c",3,1,"Ninguna
vialidad"
260460001,"2604600010127017","Oquitoa","Oquitoa","260460001977","CENTRO",16,"estacionbici_c",3,1,"Ninguna
vialidad"
260460001,"2604600010127017","Oquitoa","Oquitoa","260460001977","CENTRO",16,"arboles_c",2,1,"Alguna
vialidad"
260460001,"2604600010127017","Oquitoa","Oquitoa","260460001977","CENTRO",16,"alumpub_c",1,1,"Todas las
vialidades"
260460001,"2604600010127017","Oquitoa","Oquitoa","260460001977","CENTRO",16,"telpub_c",3,1,"Ninguna
vialidad"
260460001,"2604600010127017","Oquitoa","Oquitoa","260460001977","CENTRO",16,"puessemi_c",3,1,"Ninguna
vialidad"
260460001,"2604600010127017","Oquitoa","Oquitoa","260460001977","CENTRO",16,"puesambu_c",3,1,"Ninguna
vialidad"
260460001,"2604600010127017","Oquitoa","Oquitoa","260460001977","CENTRO",16,"banqueta_c",2,1,"Alguna
vialidad"
260460001,"2604600010127017","Oquitoa","Oquitoa","260460001977","CENTRO",16,"guarnici_c",2,1,"Alguna
vialidad"
260460001,"2604600010127018","Oquitoa","Oquitoa","260460001977","CENTRO",0,"recucall_c",1,1,"Todas las
vialidades"
260460001,"2604600010127018","Oquitoa","Oquitoa","260460001977","CENTRO",0,"acesoper_c",3,1,"Ninguna
vialidad"
260460001,"2604600010127018","Oquitoa","Oquitoa","260460001977","CENTRO",0,"acesoaut_c",3,1,"Ninguna
vialidad"
260460001,"2604600010127018","Oquitoa","Oquitoa","260460001977","CENTRO",0,"pasopeat_c",1,1,"Todas las
vialidades"
260460001,"2604600010127018","Oquitoa","Oquitoa","260460001977","CENTRO",0,"drenajep_c",3,1,"Ninguna
vialidad"
260460001,"2604600010127018","Oquitoa","Oquitoa","260460001977","CENTRO",0,"transcol_c",3,1,"Ninguna
vialidad"
260460001,"2604600010127018","Oquitoa","Oquitoa","260460001977","CENTRO",0,"ciclovia_c",3,1,"Ninguna
vialidad"
260460001,"2604600010127018","Oquitoa","Oquitoa","260460001977","CENTRO",0,"ciclocarril_c",3,1,"Ninguna
vialidad"
260460001,"2604600010127018","Oquitoa","Oquitoa","260460001977","CENTRO",0,"letrero_c",3,1,"Ninguna
vialidad"
260460001,"2604600010127018","Oquitoa","Oquitoa","260460001977","CENTRO",0,"rampas_c",3,1,"Ninguna
vialidad"
260460001,"2604600010127018","Oquitoa","Oquitoa","260460001977","CENTRO",0,"semaforopeat_c",3,1,"Ninguna
vialidad"
260460001,"2604600010127018","Oquitoa","Oquitoa","260460001977","CENTRO",0,"semaforoaudi_c",3,1,"Ninguna
vialidad"
260460001,"2604600010127018","Oquitoa","Oquitoa","260460001977","CENTRO",0,"paradatrans_c",3,1,"Ninguna
vialidad"
260460001,"2604600010127018","Oquitoa","Oquitoa","260460001977","CENTRO",0,"estacionbici_c",3,1,"Ninguna
vialidad"
260460001,"2604600010127018","Oquitoa","Oquitoa","260460001977","CENTRO",0,"arboles_c",3,1,"Ninguna
vialidad"
260460001,"2604600010127018","Oquitoa","Oquitoa","260460001977","CENTRO",0,"alumpub_c",1,1,"Todas las
vialidades"
260460001,"2604600010127018","Oquitoa","Oquitoa","260460001977","CENTRO",0,"telpub_c",3,1,"Ninguna
vialidad"
260460001,"2604600010127018","Oquitoa","Oquitoa","260460001977","CENTRO",0,"puessemi_c",3,1,"Ninguna
vialidad"
260460001,"2604600010127018","Oquitoa","Oquitoa","260460001977","CENTRO",0,"puesambu_c",3,1,"Ninguna
vialidad"
260460001,"2604600010127018","Oquitoa","Oquitoa","260460001977","CENTRO",0,"banqueta_c",3,1,"Ninguna
vialidad"
260460001,"2604600010127018","Oquitoa","Oquitoa","260460001977","CENTRO",0,"guarnici_c",1,1,"Todas las
vialidades"
260460001,"2604600010127020","Oquitoa","Oquitoa","260460001977","CENTRO",15,"recucall_c",1,1,"Todas las
vialidades"
260460001,"2604600010127020","Oquitoa","Oquitoa","260460001977","CENTRO",15,"acesoper_c",3,1,"Ninguna
vialidad"
260460001,"2604600010127020","Oquitoa","Oquitoa","260460001977","CENTRO",15,"acesoaut_c",3,1,"Ninguna
vialidad"
260460001,"2604600010127020","Oquitoa","Oquitoa","260460001977","CENTRO",15,"pasopeat_c",1,1,"Todas las
vialidades"
260460001,"2604600010127020","Oquitoa","Oquitoa","260460001977","CENTRO",15,"drenajep_c",3,1,"Ninguna
vialidad"
260460001,"2604600010127020","Oquitoa","Oquitoa","260460001977","CENTRO",15,"transcol_c",3,1,"Ninguna
vialidad"
260460001,"2604600010127020","Oquitoa","Oquitoa","260460001977","CENTRO",15,"ciclovia_c",3,1,"Ninguna
vialidad"
260460001,"2604600010127020","Oquitoa","Oquitoa","260460001977","CENTRO",15,"ciclocarril_c",3,1,"Ninguna
vialidad"
260460001,"2604600010127020","Oquitoa","Oquitoa","260460001977","CENTRO",15,"letrero_c",1,1,"Todas las
vialidades"
260460001,"2604600010127020","Oquitoa","Oquitoa","260460001977","CENTRO",15,"rampas_c",3,1,"Ninguna
vialidad"
260460001,"2604600010127020","Oquitoa","Oquitoa","260460001977","CENTRO",15,"semaforopeat_c",3,1,"Ninguna
vialidad"
260460001,"2604600010127020","Oquitoa","Oquitoa","260460001977","CENTRO",15,"semaforoaudi_c",3,1,"Ninguna
vialidad"
260460001,"2604600010127020","Oquitoa","Oquitoa","260460001977","CENTRO",15,"paradatrans_c",3,1,"Ninguna
vialidad"
260460001,"2604600010127020","Oquitoa","Oquitoa","260460001977","CENTRO",15,"estacionbici_c",3,1,"Ninguna
vialidad"
260460001,"2604600010127020","Oquitoa","Oquitoa","260460001977","CENTRO",15,"arboles_c",2,1,"Alguna
vialidad"
260460001,"2604600010127020","Oquitoa","Oquitoa","260460001977","CENTRO",15,"alumpub_c",1,1,"Todas las
vialidades"
260460001,"2604600010127020","Oquitoa","Oquitoa","260460001977","CENTRO",15,"telpub_c",2,1,"Alguna
vialidad"
260460001,"2604600010127020","Oquitoa","Oquitoa","260460001977","CENTRO",15,"puessemi_c",3,1,"Ninguna
vialidad"
260460001,"2604600010127020","Oquitoa","Oquitoa","260460001977","CENTRO",15,"puesambu_c",3,1,"Ninguna
vialidad"
260460001,"2604600010127020","Oquitoa","Oquitoa","260460001977","CENTRO",15,"banqueta_c",2,1,"Alguna
vialidad"
260460001,"2604600010127020","Oquitoa","Oquitoa","260460001977","CENTRO",15,"guarnici_c",1,1,"Todas las
vialidades"
260460001,"2604600010127021","Oquitoa","Oquitoa","260460001977","CENTRO",0,"recucall_c",1,1,"Todas las
vialidades"
260460001,"2604600010127021","Oquitoa","Oquitoa","260460001977","CENTRO",0,"acesoper_c",3,1,"Ninguna
vialidad"
260460001,"2604600010127021","Oquitoa","Oquitoa","260460001977","CENTRO",0,"acesoaut_c",3,1,"Ninguna
vialidad"
260460001,"2604600010127021","Oquitoa","Oquitoa","260460001977","CENTRO",0,"pasopeat_c",3,1,"Ninguna
vialidad"
260460001,"2604600010127021","Oquitoa","Oquitoa","260460001977","CENTRO",0,"drenajep_c",3,1,"Ninguna
vialidad"
260460001,"2604600010127021","Oquitoa","Oquitoa","260460001977","CENTRO",0,"transcol_c",3,1,"Ninguna
vialidad"
260460001,"2604600010127021","Oquitoa","Oquitoa","260460001977","CENTRO",0,"ciclovia_c",3,1,"Ninguna
vialidad"
260460001,"2604600010127021","Oquitoa","Oquitoa","260460001977","CENTRO",0,"ciclocarril_c",3,1,"Ninguna
vialidad"
260460001,"2604600010127021","Oquitoa","Oquitoa","260460001977","CENTRO",0,"letrero_c",1,1,"Todas las
vialidades"
260460001,"2604600010127021","Oquitoa","Oquitoa","260460001977","CENTRO",0,"rampas_c",2,1,"Alguna
vialidad"
260460001,"2604600010127021","Oquitoa","Oquitoa","260460001977","CENTRO",0,"semaforopeat_c",3,1,"Ninguna
vialidad"
260460001,"2604600010127021","Oquitoa","Oquitoa","260460001977","CENTRO",0,"semaforoaudi_c",3,1,"Ninguna
vialidad"
260460001,"2604600010127021","Oquitoa","Oquitoa","260460001977","CENTRO",0,"paradatrans_c",3,1,"Ninguna
vialidad"
260460001,"2604600010127021","Oquitoa","Oquitoa","260460001977","CENTRO",0,"estacionbici_c",3,1,"Ninguna
vialidad"
260460001,"2604600010127021","Oquitoa","Oquitoa","260460001977","CENTRO",0,"arboles_c",2,1,"Alguna
vialidad"
260460001,"2604600010127021","Oquitoa","Oquitoa","260460001977","CENTRO",0,"alumpub_c",1,1,"Todas las
vialidades"
260460001,"2604600010127021","Oquitoa","Oquitoa","260460001977","CENTRO",0,"telpub_c",3,1,"Ninguna
vialidad"
260460001,"2604600010127021","Oquitoa","Oquitoa","260460001977","CENTRO",0,"puessemi_c",3,1,"Ninguna
vialidad"
260460001,"2604600010127021","Oquitoa","Oquitoa","260460001977","CENTRO",0,"puesambu_c",3,1,"Ninguna
vialidad"
260460001,"2604600010127021","Oquitoa","Oquitoa","260460001977","CENTRO",0,"banqueta_c",2,1,"Alguna
vialidad"
260460001,"2604600010127021","Oquitoa","Oquitoa","260460001977","CENTRO",0,"guarnici_c",1,1,"Todas las
vialidades"
260460001,"2604600010127023","Oquitoa","Oquitoa","260460001977","CENTRO",34,"recucall_c",1,1,"Todas las
vialidades"
260460001,"2604600010127023","Oquitoa","Oquitoa","260460001977","CENTRO",34,"acesoper_c",3,1,"Ninguna
vialidad"
260460001,"2604600010127023","Oquitoa","Oquitoa","260460001977","CENTRO",34,"acesoaut_c",3,1,"Ninguna
vialidad"
260460001,"2604600010127023","Oquitoa","Oquitoa","260460001977","CENTRO",34,"pasopeat_c",3,1,"Ninguna
vialidad"
260460001,"2604600010127023","Oquitoa","Oquitoa","260460001977","CENTRO",34,"drenajep_c",3,1,"Ninguna
vialidad"
260460001,"2604600010127023","Oquitoa","Oquitoa","260460001977","CENTRO",34,"transcol_c",3,1,"Ninguna
vialidad"
260460001,"2604600010127023","Oquitoa","Oquitoa","260460001977","CENTRO",34,"ciclovia_c",3,1,"Ninguna
vialidad"
260460001,"2604600010127023","Oquitoa","Oquitoa","260460001977","CENTRO",34,"ciclocarril_c",3,1,"Ninguna
vialidad"
260460001,"2604600010127023","Oquitoa","Oquitoa","260460001977","CENTRO",34,"letrero_c",1,1,"Todas las
vialidades"
260460001,"2604600010127023","Oquitoa","Oquitoa","260460001977","CENTRO",34,"rampas_c",3,1,"Ninguna
vialidad"
260460001,"2604600010127023","Oquitoa","Oquitoa","260460001977","CENTRO",34,"semaforopeat_c",3,1,"Ninguna
vialidad"
260460001,"2604600010127023","Oquitoa","Oquitoa","260460001977","CENTRO",34,"semaforoaudi_c",3,1,"Ninguna
vialidad"
260460001,"2604600010127023","Oquitoa","Oquitoa","260460001977","CENTRO",34,"paradatrans_c",3,1,"Ninguna
vialidad"
260460001,"2604600010127023","Oquitoa","Oquitoa","260460001977","CENTRO",34,"estacionbici_c",3,1,"Ninguna
vialidad"
260460001,"2604600010127023","Oquitoa","Oquitoa","260460001977","CENTRO",34,"arboles_c",3,1,"Ninguna
vialidad"
260460001,"2604600010127023","Oquitoa","Oquitoa","260460001977","CENTRO",34,"alumpub_c",1,1,"Todas las
vialidades"
260460001,"2604600010127023","Oquitoa","Oquitoa","260460001977","CENTRO",34,"telpub_c",3,1,"Ninguna
vialidad"
260460001,"2604600010127023","Oquitoa","Oquitoa","260460001977","CENTRO",34,"puessemi_c",3,1,"Ninguna
vialidad"
260460001,"2604600010127023","Oquitoa","Oquitoa","260460001977","CENTRO",34,"puesambu_c",3,1,"Ninguna
vialidad"
260460001,"2604600010127023","Oquitoa","Oquitoa","260460001977","CENTRO",34,"banqueta_c",1,1,"Todas las
vialidades"
260460001,"2604600010127023","Oquitoa","Oquitoa","260460001977","CENTRO",34,"guarnici_c",1,1,"Todas las
vialidades"
260460001,"2604600010127024","Oquitoa","Oquitoa","260460001977","CENTRO",2,"recucall_c",2,1,"Alguna
vialidad"
260460001,"2604600010127024","Oquitoa","Oquitoa","260460001977","CENTRO",2,"acesoper_c",3,1,"Ninguna
vialidad"
260460001,"2604600010127024","Oquitoa","Oquitoa","260460001977","CENTRO",2,"acesoaut_c",3,1,"Ninguna
vialidad"
260460001,"2604600010127024","Oquitoa","Oquitoa","260460001977","CENTRO",2,"pasopeat_c",1,1,"Todas las
vialidades"
260460001,"2604600010127024","Oquitoa","Oquitoa","260460001977","CENTRO",2,"drenajep_c",3,1,"Ninguna
vialidad"
260460001,"2604600010127024","Oquitoa","Oquitoa","260460001977","CENTRO",2,"transcol_c",3,1,"Ninguna
vialidad"
260460001,"2604600010127024","Oquitoa","Oquitoa","260460001977","CENTRO",2,"ciclovia_c",3,1,"Ninguna
vialidad"
260460001,"2604600010127024","Oquitoa","Oquitoa","260460001977","CENTRO",2,"ciclocarril_c",3,1,"Ninguna
vialidad"
260460001,"2604600010127024","Oquitoa","Oquitoa","260460001977","CENTRO",2,"letrero_c",2,1,"Alguna
vialidad"
260460001,"2604600010127024","Oquitoa","Oquitoa","260460001977","CENTRO",2,"rampas_c",3,1,"Ninguna
vialidad"
260460001,"2604600010127024","Oquitoa","Oquitoa","260460001977","CENTRO",2,"semaforopeat_c",3,1,"Ninguna
vialidad"
260460001,"2604600010127024","Oquitoa","Oquitoa","260460001977","CENTRO",2,"semaforoaudi_c",3,1,"Ninguna
vialidad"
260460001,"2604600010127024","Oquitoa","Oquitoa","260460001977","CENTRO",2,"paradatrans_c",3,1,"Ninguna
vialidad"
260460001,"2604600010127024","Oquitoa","Oquitoa","260460001977","CENTRO",2,"estacionbici_c",3,1,"Ninguna
vialidad"
260460001,"2604600010127024","Oquitoa","Oquitoa","260460001977","CENTRO",2,"arboles_c",2,1,"Alguna
vialidad"
260460001,"2604600010127024","Oquitoa","Oquitoa","260460001977","CENTRO",2,"alumpub_c",1,1,"Todas las
vialidades"
260460001,"2604600010127024","Oquitoa","Oquitoa","260460001977","CENTRO",2,"telpub_c",3,1,"Ninguna
vialidad"
260460001,"2604600010127024","Oquitoa","Oquitoa","260460001977","CENTRO",2,"puessemi_c",3,1,"Ninguna
vialidad"
260460001,"2604600010127024","Oquitoa","Oquitoa","260460001977","CENTRO",2,"puesambu_c",3,1,"Ninguna
vialidad"
260460001,"2604600010127024","Oquitoa","Oquitoa","260460001977","CENTRO",2,"banqueta_c",3,1,"Ninguna
vialidad"
260460001,"2604600010127024","Oquitoa","Oquitoa","260460001977","CENTRO",2,"guarnici_c",1,1,"Todas las
vialidades"
260460001,"2604600010127025","Oquitoa","Oquitoa","260460001977","CENTRO",9,"recucall_c",1,1,"Todas las
vialidades"
260460001,"2604600010127025","Oquitoa","Oquitoa","260460001977","CENTRO",9,"acesoper_c",3,1,"Ninguna
vialidad"
260460001,"2604600010127025","Oquitoa","Oquitoa","260460001977","CENTRO",9,"acesoaut_c",3,1,"Ninguna
vialidad"
260460001,"2604600010127025","Oquitoa","Oquitoa","260460001977","CENTRO",9,"pasopeat_c",3,1,"Ninguna
vialidad"
260460001,"2604600010127025","Oquitoa","Oquitoa","260460001977","CENTRO",9,"drenajep_c",3,1,"Ninguna
vialidad"
260460001,"2604600010127025","Oquitoa","Oquitoa","260460001977","CENTRO",9,"transcol_c",3,1,"Ninguna
vialidad"
260460001,"2604600010127025","Oquitoa","Oquitoa","260460001977","CENTRO",9,"ciclovia_c",3,1,"Ninguna
vialidad"
260460001,"2604600010127025","Oquitoa","Oquitoa","260460001977","CENTRO",9,"ciclocarril_c",3,1,"Ninguna
vialidad"
260460001,"2604600010127025","Oquitoa","Oquitoa","260460001977","CENTRO",9,"letrero_c",1,1,"Todas las
vialidades"
260460001,"2604600010127025","Oquitoa","Oquitoa","260460001977","CENTRO",9,"rampas_c",3,1,"Ninguna
vialidad"
260460001,"2604600010127025","Oquitoa","Oquitoa","260460001977","CENTRO",9,"semaforopeat_c",3,1,"Ninguna
vialidad"
260460001,"2604600010127025","Oquitoa","Oquitoa","260460001977","CENTRO",9,"semaforoaudi_c",3,1,"Ninguna
vialidad"
260460001,"2604600010127025","Oquitoa","Oquitoa","260460001977","CENTRO",9,"paradatrans_c",3,1,"Ninguna
vialidad"
260460001,"2604600010127025","Oquitoa","Oquitoa","260460001977","CENTRO",9,"estacionbici_c",3,1,"Ninguna
vialidad"
260460001,"2604600010127025","Oquitoa","Oquitoa","260460001977","CENTRO",9,"arboles_c",1,1,"Todas las
vialidades"
260460001,"2604600010127025","Oquitoa","Oquitoa","260460001977","CENTRO",9,"alumpub_c",1,1,"Todas las
vialidades"
260460001,"2604600010127025","Oquitoa","Oquitoa","260460001977","CENTRO",9,"telpub_c",3,1,"Ninguna
vialidad"
260460001,"2604600010127025","Oquitoa","Oquitoa","260460001977","CENTRO",9,"puessemi_c",3,1,"Ninguna
vialidad"
260460001,"2604600010127025","Oquitoa","Oquitoa","260460001977","CENTRO",9,"puesambu_c",3,1,"Ninguna
vialidad"
260460001,"2604600010127025","Oquitoa","Oquitoa","260460001977","CENTRO",9,"banqueta_c",1,1,"Todas las
vialidades"
260460001,"2604600010127025","Oquitoa","Oquitoa","260460001977","CENTRO",9,"guarnici_c",1,1,"Todas las
vialidades"
260460001,"2604600010127027","Oquitoa","Oquitoa","260460001977","CENTRO",27,"recucall_c",1,1,"Todas las
vialidades"
260460001,"2604600010127027","Oquitoa","Oquitoa","260460001977","CENTRO",27,"acesoper_c",3,1,"Ninguna
vialidad"
260460001,"2604600010127027","Oquitoa","Oquitoa","260460001977","CENTRO",27,"acesoaut_c",3,1,"Ninguna
vialidad"
260460001,"2604600010127027","Oquitoa","Oquitoa","260460001977","CENTRO",27,"pasopeat_c",3,1,"Ninguna
vialidad"
260460001,"2604600010127027","Oquitoa","Oquitoa","260460001977","CENTRO",27,"drenajep_c",3,1,"Ninguna
vialidad"
260460001,"2604600010127027","Oquitoa","Oquitoa","260460001977","CENTRO",27,"transcol_c",3,1,"Ninguna
vialidad"
260460001,"2604600010127027","Oquitoa","Oquitoa","260460001977","CENTRO",27,"ciclovia_c",3,1,"Ninguna
vialidad"
260460001,"2604600010127027","Oquitoa","Oquitoa","260460001977","CENTRO",27,"ciclocarril_c",3,1,"Ninguna
vialidad"
260460001,"2604600010127027","Oquitoa","Oquitoa","260460001977","CENTRO",27,"letrero_c",1,1,"Todas las
vialidades"
260460001,"2604600010127027","Oquitoa","Oquitoa","260460001977","CENTRO",27,"rampas_c",3,1,"Ninguna
vialidad"
260460001,"2604600010127027","Oquitoa","Oquitoa","260460001977","CENTRO",27,"semaforopeat_c",3,1,"Ninguna
vialidad"
260460001,"2604600010127027","Oquitoa","Oquitoa","260460001977","CENTRO",27,"semaforoaudi_c",3,1,"Ninguna
vialidad"
260460001,"2604600010127027","Oquitoa","Oquitoa","260460001977","CENTRO",27,"paradatrans_c",3,1,"Ninguna
vialidad"
260460001,"2604600010127027","Oquitoa","Oquitoa","260460001977","CENTRO",27,"estacionbici_c",3,1,"Ninguna
vialidad"
260460001,"2604600010127027","Oquitoa","Oquitoa","260460001977","CENTRO",27,"arboles_c",3,1,"Ninguna
vialidad"
260460001,"2604600010127027","Oquitoa","Oquitoa","260460001977","CENTRO",27,"alumpub_c",1,1,"Todas las
vialidades"
260460001,"2604600010127027","Oquitoa","Oquitoa","260460001977","CENTRO",27,"telpub_c",3,1,"Ninguna
vialidad"
260460001,"2604600010127027","Oquitoa","Oquitoa","260460001977","CENTRO",27,"puessemi_c",3,1,"Ninguna
vialidad"
260460001,"2604600010127027","Oquitoa","Oquitoa","260460001977","CENTRO",27,"puesambu_c",3,1,"Ninguna
vialidad"
260460001,"2604600010127027","Oquitoa","Oquitoa","260460001977","CENTRO",27,"banqueta_c",1,1,"Todas las
vialidades"
260460001,"2604600010127027","Oquitoa","Oquitoa","260460001977","CENTRO",27,"guarnici_c",1,1,"Todas las
vialidades"
260460001,"2604600010199001","Oquitoa","Oquitoa","2604600016480","LOS RESIDENTES",5,"recucall_c",1,1,"Todas las
vialidades"
260460001,"2604600010199001","Oquitoa","Oquitoa","2604600016480","LOS RESIDENTES",5,"acesoper_c",3,1,"Ninguna
vialidad"
260460001,"2604600010199001","Oquitoa","Oquitoa","2604600016480","LOS RESIDENTES",5,"acesoaut_c",3,1,"Ninguna
vialidad"
260460001,"2604600010199001","Oquitoa","Oquitoa","2604600016480","LOS RESIDENTES",5,"pasopeat_c",3,1,"Ninguna
vialidad"
260460001,"2604600010199001","Oquitoa","Oquitoa","2604600016480","LOS RESIDENTES",5,"drenajep_c",3,1,"Ninguna
vialidad"
260460001,"2604600010199001","Oquitoa","Oquitoa","2604600016480","LOS RESIDENTES",5,"transcol_c",3,1,"Ninguna
vialidad"
260460001,"2604600010199001","Oquitoa","Oquitoa","2604600016480","LOS RESIDENTES",5,"ciclovia_c",3,1,"Ninguna
vialidad"
260460001,"2604600010199001","Oquitoa","Oquitoa","2604600016480","LOS RESIDENTES",5,"ciclocarril_c",3,1,"Ninguna
vialidad"
260460001,"2604600010199001","Oquitoa","Oquitoa","2604600016480","LOS RESIDENTES",5,"letrero_c",1,1,"Todas las
vialidades"
260460001,"2604600010199001","Oquitoa","Oquitoa","2604600016480","LOS RESIDENTES",5,"rampas_c",3,1,"Ninguna
vialidad"
260460001,"2604600010199001","Oquitoa","Oquitoa","2604600016480","LOS RESIDENTES",5,"semaforopeat_c",3,1,"Ninguna
vialidad"
260460001,"2604600010199001","Oquitoa","Oquitoa","2604600016480","LOS RESIDENTES",5,"semaforoaudi_c",3,1,"Ninguna
vialidad"
260460001,"2604600010199001","Oquitoa","Oquitoa","2604600016480","LOS RESIDENTES",5,"paradatrans_c",3,1,"Ninguna
vialidad"
260460001,"2604600010199001","Oquitoa","Oquitoa","2604600016480","LOS RESIDENTES",5,"estacionbici_c",3,1,"Ninguna
vialidad"
260460001,"2604600010199001","Oquitoa","Oquitoa","2604600016480","LOS RESIDENTES",5,"arboles_c",3,1,"Ninguna
vialidad"
260460001,"2604600010199001","Oquitoa","Oquitoa","2604600016480","LOS RESIDENTES",5,"alumpub_c",1,1,"Todas las
vialidades"
260460001,"2604600010199001","Oquitoa","Oquitoa","2604600016480","LOS RESIDENTES",5,"telpub_c",3,1,"Ninguna
vialidad"
260460001,"2604600010199001","Oquitoa","Oquitoa","2604600016480","LOS RESIDENTES",5,"puessemi_c",3,1,"Ninguna
vialidad"
260460001,"2604600010199001","Oquitoa","Oquitoa","2604600016480","LOS RESIDENTES",5,"puesambu_c",3,1,"Ninguna
vialidad"
260460001,"2604600010199001","Oquitoa","Oquitoa","2604600016480","LOS RESIDENTES",5,"banqueta_c",1,1,"Todas las
vialidades"
260460001,"2604600010199001","Oquitoa","Oquitoa","2604600016480","LOS RESIDENTES",5,"guarnici_c",1,1,"Todas las
vialidades"
260460001,"2604600010199002","Oquitoa","Oquitoa","2604600016480","LOS RESIDENTES",17,"recucall_c",1,1,"Todas las
vialidades"
260460001,"2604600010199002","Oquitoa","Oquitoa","2604600016480","LOS RESIDENTES",17,"acesoper_c",3,1,"Ninguna
vialidad"
260460001,"2604600010199002","Oquitoa","Oquitoa","2604600016480","LOS RESIDENTES",17,"acesoaut_c",3,1,"Ninguna
vialidad"
260460001,"2604600010199002","Oquitoa","Oquitoa","2604600016480","LOS RESIDENTES",17,"pasopeat_c",3,1,"Ninguna
vialidad"
260460001,"2604600010199002","Oquitoa","Oquitoa","2604600016480","LOS RESIDENTES",17,"drenajep_c",3,1,"Ninguna
vialidad"
260460001,"2604600010199002","Oquitoa","Oquitoa","2604600016480","LOS RESIDENTES",17,"transcol_c",3,1,"Ninguna
vialidad"
260460001,"2604600010199002","Oquitoa","Oquitoa","2604600016480","LOS RESIDENTES",17,"ciclovia_c",3,1,"Ninguna
vialidad"
260460001,"2604600010199002","Oquitoa","Oquitoa","2604600016480","LOS RESIDENTES",17,"ciclocarril_c",3,1,"Ninguna
vialidad"
260460001,"2604600010199002","Oquitoa","Oquitoa","2604600016480","LOS RESIDENTES",17,"letrero_c",1,1,"Todas las
vialidades"
260460001,"2604600010199002","Oquitoa","Oquitoa","2604600016480","LOS RESIDENTES",17,"rampas_c",3,1,"Ninguna
vialidad"
260460001,"2604600010199002","Oquitoa","Oquitoa","2604600016480","LOS RESIDENTES",17,"semaforopeat_c",3,1,"Ninguna
vialidad"
260460001,"2604600010199002","Oquitoa","Oquitoa","2604600016480","LOS RESIDENTES",17,"semaforoaudi_c",3,1,"Ninguna
vialidad"
260460001,"2604600010199002","Oquitoa","Oquitoa","2604600016480","LOS RESIDENTES",17,"paradatrans_c",3,1,"Ninguna
vialidad"
260460001,"2604600010199002","Oquitoa","Oquitoa","2604600016480","LOS RESIDENTES",17,"estacionbici_c",3,1,"Ninguna
vialidad"
260460001,"2604600010199002","Oquitoa","Oquitoa","2604600016480","LOS RESIDENTES",17,"arboles_c",3,1,"Ninguna
vialidad"
260460001,"2604600010199002","Oquitoa","Oquitoa","2604600016480","LOS RESIDENTES",17,"alumpub_c",1,1,"Todas las
vialidades"
260460001,"2604600010199002","Oquitoa","Oquitoa","2604600016480","LOS RESIDENTES",17,"telpub_c",3,1,"Ninguna
vialidad"
260460001,"2604600010199002","Oquitoa","Oquitoa","2604600016480","LOS RESIDENTES",17,"puessemi_c",3,1,"Ninguna
vialidad"
260460001,"2604600010199002","Oquitoa","Oquitoa","2604600016480","LOS RESIDENTES",17,"puesambu_c",3,1,"Ninguna
vialidad"
260460001,"2604600010199002","Oquitoa","Oquitoa","2604600016480","LOS RESIDENTES",17,"banqueta_c",1,1,"Todas las
vialidades"
260460001,"2604600010199002","Oquitoa","Oquitoa","2604600016480","LOS RESIDENTES",17,"guarnici_c",1,1,"Todas las
vialidades"
260460001,"2604600010199003","Oquitoa","Oquitoa","2604600016480","LOS RESIDENTES",32,"recucall_c",1,1,"Todas las
vialidades"
260460001,"2604600010199003","Oquitoa","Oquitoa","2604600016480","LOS RESIDENTES",32,"acesoper_c",3,1,"Ninguna
vialidad"
260460001,"2604600010199003","Oquitoa","Oquitoa","2604600016480","LOS RESIDENTES",32,"acesoaut_c",3,1,"Ninguna
vialidad"
260460001,"2604600010199003","Oquitoa","Oquitoa","2604600016480","LOS RESIDENTES",32,"pasopeat_c",3,1,"Ninguna
vialidad"
260460001,"2604600010199003","Oquitoa","Oquitoa","2604600016480","LOS RESIDENTES",32,"drenajep_c",3,1,"Ninguna
vialidad"
260460001,"2604600010199003","Oquitoa","Oquitoa","2604600016480","LOS RESIDENTES",32,"transcol_c",3,1,"Ninguna
vialidad"
260460001,"2604600010199003","Oquitoa","Oquitoa","2604600016480","LOS RESIDENTES",32,"ciclovia_c",3,1,"Ninguna
vialidad"
260460001,"2604600010199003","Oquitoa","Oquitoa","2604600016480","LOS RESIDENTES",32,"ciclocarril_c",3,1,"Ninguna
vialidad"
260460001,"2604600010199003","Oquitoa","Oquitoa","2604600016480","LOS RESIDENTES",32,"letrero_c",1,1,"Todas las
vialidades"
260460001,"2604600010199003","Oquitoa","Oquitoa","2604600016480","LOS RESIDENTES",32,"rampas_c",3,1,"Ninguna
vialidad"
260460001,"2604600010199003","Oquitoa","Oquitoa","2604600016480","LOS RESIDENTES",32,"semaforopeat_c",3,1,"Ninguna
vialidad"
260460001,"2604600010199003","Oquitoa","Oquitoa","2604600016480","LOS RESIDENTES",32,"semaforoaudi_c",3,1,"Ninguna
vialidad"
260460001,"2604600010199003","Oquitoa","Oquitoa","2604600016480","LOS RESIDENTES",32,"paradatrans_c",3,1,"Ninguna
vialidad"
260460001,"2604600010199003","Oquitoa","Oquitoa","2604600016480","LOS RESIDENTES",32,"estacionbici_c",3,1,"Ninguna
vialidad"
260460001,"2604600010199003","Oquitoa","Oquitoa","2604600016480","LOS RESIDENTES",32,"arboles_c",3,1,"Ninguna
vialidad"
260460001,"2604600010199003","Oquitoa","Oquitoa","2604600016480","LOS RESIDENTES",32,"alumpub_c",1,1,"Todas las
vialidades"
260460001,"2604600010199003","Oquitoa","Oquitoa","2604600016480","LOS RESIDENTES",32,"telpub_c",3,1,"Ninguna
vialidad"
260460001,"2604600010199003","Oquitoa","Oquitoa","2604600016480","LOS RESIDENTES",32,"puessemi_c",3,1,"Ninguna
vialidad"
260460001,"2604600010199003","Oquitoa","Oquitoa","2604600016480","LOS RESIDENTES",32,"puesambu_c",3,1,"Ninguna
vialidad"
260460001,"2604600010199003","Oquitoa","Oquitoa","2604600016480","LOS RESIDENTES",32,"banqueta_c",1,1,"Todas las
vialidades"
260460001,"2604600010199003","Oquitoa","Oquitoa","2604600016480","LOS RESIDENTES",32,"guarnici_c",1,1,"Todas las
vialidades"
260460001,"2604600010199005","Oquitoa","Oquitoa","2604600016480","LOS RESIDENTES",6,"recucall_c",1,1,"Todas las
vialidades"
260460001,"2604600010199005","Oquitoa","Oquitoa","2604600016480","LOS RESIDENTES",6,"acesoper_c",3,1,"Ninguna
vialidad"
260460001,"2604600010199005","Oquitoa","Oquitoa","2604600016480","LOS RESIDENTES",6,"acesoaut_c",3,1,"Ninguna
vialidad"
260460001,"2604600010199005","Oquitoa","Oquitoa","2604600016480","LOS RESIDENTES",6,"pasopeat_c",3,1,"Ninguna
vialidad"
260460001,"2604600010199005","Oquitoa","Oquitoa","2604600016480","LOS RESIDENTES",6,"drenajep_c",3,1,"Ninguna
vialidad"
260460001,"2604600010199005","Oquitoa","Oquitoa","2604600016480","LOS RESIDENTES",6,"transcol_c",3,1,"Ninguna
vialidad"
260460001,"2604600010199005","Oquitoa","Oquitoa","2604600016480","LOS RESIDENTES",6,"ciclovia_c",3,1,"Ninguna
vialidad"
260460001,"2604600010199005","Oquitoa","Oquitoa","2604600016480","LOS RESIDENTES",6,"ciclocarril_c",3,1,"Ninguna
vialidad"
260460001,"2604600010199005","Oquitoa","Oquitoa","2604600016480","LOS RESIDENTES",6,"letrero_c",1,1,"Todas las
vialidades"
260460001,"2604600010199005","Oquitoa","Oquitoa","2604600016480","LOS RESIDENTES",6,"rampas_c",3,1,"Ninguna
vialidad"
260460001,"2604600010199005","Oquitoa","Oquitoa","2604600016480","LOS RESIDENTES",6,"semaforopeat_c",3,1,"Ninguna
vialidad"
260460001,"2604600010199005","Oquitoa","Oquitoa","2604600016480","LOS RESIDENTES",6,"semaforoaudi_c",3,1,"Ninguna
vialidad"
260460001,"2604600010199005","Oquitoa","Oquitoa","2604600016480","LOS RESIDENTES",6,"paradatrans_c",3,1,"Ninguna
vialidad"
260460001,"2604600010199005","Oquitoa","Oquitoa","2604600016480","LOS RESIDENTES",6,"estacionbici_c",3,1,"Ninguna
vialidad"
260460001,"2604600010199005","Oquitoa","Oquitoa","2604600016480","LOS RESIDENTES",6,"arboles_c",3,1,"Ninguna
vialidad"
260460001,"2604600010199005","Oquitoa","Oquitoa","2604600016480","LOS RESIDENTES",6,"alumpub_c",1,1,"Todas las
vialidades"
260460001,"2604600010199005","Oquitoa","Oquitoa","2604600016480","LOS RESIDENTES",6,"telpub_c",3,1,"Ninguna
vialidad"
260460001,"2604600010199005","Oquitoa","Oquitoa","2604600016480","LOS RESIDENTES",6,"puessemi_c",3,1,"Ninguna
vialidad"
260460001,"2604600010199005","Oquitoa","Oquitoa","2604600016480","LOS RESIDENTES",6,"puesambu_c",3,1,"Ninguna
vialidad"
260460001,"2604600010199005","Oquitoa","Oquitoa","2604600016480","LOS RESIDENTES",6,"banqueta_c",1,1,"Todas las
vialidades"
260460001,"2604600010199005","Oquitoa","Oquitoa","2604600016480","LOS RESIDENTES",6,"guarnici_c",1,1,"Todas las
vialidades"
260460001,"2604600010199006","Oquitoa","Oquitoa","2604600016480","LOS RESIDENTES",4,"recucall_c",1,1,"Todas las
vialidades"
260460001,"2604600010199006","Oquitoa","Oquitoa","2604600016480","LOS RESIDENTES",4,"acesoper_c",3,1,"Ninguna
vialidad"
260460001,"2604600010199006","Oquitoa","Oquitoa","2604600016480","LOS RESIDENTES",4,"acesoaut_c",3,1,"Ninguna
vialidad"
260460001,"2604600010199006","Oquitoa","Oquitoa","2604600016480","LOS RESIDENTES",4,"pasopeat_c",3,1,"Ninguna
vialidad"
260460001,"2604600010199006","Oquitoa","Oquitoa","2604600016480","LOS RESIDENTES",4,"drenajep_c",3,1,"Ninguna
vialidad"
260460001,"2604600010199006","Oquitoa","Oquitoa","2604600016480","LOS RESIDENTES",4,"transcol_c",3,1,"Ninguna
vialidad"
260460001,"2604600010199006","Oquitoa","Oquitoa","2604600016480","LOS RESIDENTES",4,"ciclovia_c",3,1,"Ninguna
vialidad"
260460001,"2604600010199006","Oquitoa","Oquitoa","2604600016480","LOS RESIDENTES",4,"ciclocarril_c",3,1,"Ninguna
vialidad"
260460001,"2604600010199006","Oquitoa","Oquitoa","2604600016480","LOS RESIDENTES",4,"letrero_c",1,1,"Todas las
vialidades"
260460001,"2604600010199006","Oquitoa","Oquitoa","2604600016480","LOS RESIDENTES",4,"rampas_c",3,1,"Ninguna
vialidad"
260460001,"2604600010199006","Oquitoa","Oquitoa","2604600016480","LOS RESIDENTES",4,"semaforopeat_c",3,1,"Ninguna
vialidad"
260460001,"2604600010199006","Oquitoa","Oquitoa","2604600016480","LOS RESIDENTES",4,"semaforoaudi_c",3,1,"Ninguna
vialidad"
260460001,"2604600010199006","Oquitoa","Oquitoa","2604600016480","LOS RESIDENTES",4,"paradatrans_c",3,1,"Ninguna
vialidad"
260460001,"2604600010199006","Oquitoa","Oquitoa","2604600016480","LOS RESIDENTES",4,"estacionbici_c",3,1,"Ninguna
vialidad"
260460001,"2604600010199006","Oquitoa","Oquitoa","2604600016480","LOS RESIDENTES",4,"arboles_c",3,1,"Ninguna
vialidad"
260460001,"2604600010199006","Oquitoa","Oquitoa","2604600016480","LOS RESIDENTES",4,"alumpub_c",1,1,"Todas las
vialidades"
260460001,"2604600010199006","Oquitoa","Oquitoa","2604600016480","LOS RESIDENTES",4,"telpub_c",3,1,"Ninguna
vialidad"
260460001,"2604600010199006","Oquitoa","Oquitoa","2604600016480","LOS RESIDENTES",4,"puessemi_c",3,1,"Ninguna
vialidad"
260460001,"2604600010199006","Oquitoa","Oquitoa","2604600016480","LOS RESIDENTES",4,"puesambu_c",3,1,"Ninguna
vialidad"
260460001,"2604600010199006","Oquitoa","Oquitoa","2604600016480","LOS RESIDENTES",4,"banqueta_c",1,1,"Todas las
vialidades"
260460001,"2604600010199006","Oquitoa","Oquitoa","2604600016480","LOS RESIDENTES",4,"guarnici_c",1,1,"Todas las
vialidades"
260460001,"2604600010199007","Oquitoa","Oquitoa","2604600016480","LOS RESIDENTES",10,"recucall_c",1,1,"Todas las
vialidades"
260460001,"2604600010199007","Oquitoa","Oquitoa","2604600016480","LOS RESIDENTES",10,"acesoper_c",2,1,"Alguna
vialidad"
260460001,"2604600010199007","Oquitoa","Oquitoa","2604600016480","LOS RESIDENTES",10,"acesoaut_c",2,1,"Alguna
vialidad"
260460001,"2604600010199007","Oquitoa","Oquitoa","2604600016480","LOS RESIDENTES",10,"pasopeat_c",3,1,"Ninguna
vialidad"
260460001,"2604600010199007","Oquitoa","Oquitoa","2604600016480","LOS RESIDENTES",10,"drenajep_c",3,1,"Ninguna
vialidad"
260460001,"2604600010199007","Oquitoa","Oquitoa","2604600016480","LOS RESIDENTES",10,"transcol_c",3,1,"Ninguna
vialidad"
260460001,"2604600010199007","Oquitoa","Oquitoa","2604600016480","LOS RESIDENTES",10,"ciclovia_c",3,1,"Ninguna
vialidad"
260460001,"2604600010199007","Oquitoa","Oquitoa","2604600016480","LOS RESIDENTES",10,"ciclocarril_c",3,1,"Ninguna
vialidad"
260460001,"2604600010199007","Oquitoa","Oquitoa","2604600016480","LOS RESIDENTES",10,"letrero_c",1,1,"Todas las
vialidades"
260460001,"2604600010199007","Oquitoa","Oquitoa","2604600016480","LOS RESIDENTES",10,"rampas_c",3,1,"Ninguna
vialidad"
260460001,"2604600010199007","Oquitoa","Oquitoa","2604600016480","LOS RESIDENTES",10,"semaforopeat_c",3,1,"Ninguna
vialidad"
260460001,"2604600010199007","Oquitoa","Oquitoa","2604600016480","LOS RESIDENTES",10,"semaforoaudi_c",3,1,"Ninguna
vialidad"
260460001,"2604600010199007","Oquitoa","Oquitoa","2604600016480","LOS RESIDENTES",10,"paradatrans_c",3,1,"Ninguna
vialidad"
260460001,"2604600010199007","Oquitoa","Oquitoa","2604600016480","LOS RESIDENTES",10,"estacionbici_c",3,1,"Ninguna
vialidad"
260460001,"2604600010199007","Oquitoa","Oquitoa","2604600016480","LOS RESIDENTES",10,"arboles_c",3,1,"Ninguna
vialidad"
260460001,"2604600010199007","Oquitoa","Oquitoa","2604600016480","LOS RESIDENTES",10,"alumpub_c",1,1,"Todas las
vialidades"
260460001,"2604600010199007","Oquitoa","Oquitoa","2604600016480","LOS RESIDENTES",10,"telpub_c",3,1,"Ninguna
vialidad"
260460001,"2604600010199007","Oquitoa","Oquitoa","2604600016480","LOS RESIDENTES",10,"puessemi_c",3,1,"Ninguna
vialidad"
260460001,"2604600010199007","Oquitoa","Oquitoa","2604600016480","LOS RESIDENTES",10,"puesambu_c",3,1,"Ninguna
vialidad"
260460001,"2604600010199007","Oquitoa","Oquitoa","2604600016480","LOS RESIDENTES",10,"banqueta_c",1,1,"Todas las
vialidades"
260460001,"2604600010199007","Oquitoa","Oquitoa","2604600016480","LOS RESIDENTES",10,"guarnici_c",1,1,"Todas las
vialidades"
260460001,"2604600010199008","Oquitoa","Oquitoa","2604600016480","LOS RESIDENTES",0,"recucall_c",1,1,"Todas las
vialidades"
260460001,"2604600010199008","Oquitoa","Oquitoa","2604600016480","LOS RESIDENTES",0,"acesoper_c",3,1,"Ninguna
vialidad"
260460001,"2604600010199008","Oquitoa","Oquitoa","2604600016480","LOS RESIDENTES",0,"acesoaut_c",3,1,"Ninguna
vialidad"
260460001,"2604600010199008","Oquitoa","Oquitoa","2604600016480","LOS RESIDENTES",0,"pasopeat_c",3,1,"Ninguna
vialidad"
260460001,"2604600010199008","Oquitoa","Oquitoa","2604600016480","LOS RESIDENTES",0,"drenajep_c",3,1,"Ninguna
vialidad"
260460001,"2604600010199008","Oquitoa","Oquitoa","2604600016480","LOS RESIDENTES",0,"transcol_c",3,1,"Ninguna
vialidad"
260460001,"2604600010199008","Oquitoa","Oquitoa","2604600016480","LOS RESIDENTES",0,"ciclovia_c",3,1,"Ninguna
vialidad"
260460001,"2604600010199008","Oquitoa","Oquitoa","2604600016480","LOS RESIDENTES",0,"ciclocarril_c",3,1,"Ninguna
vialidad"
260460001,"2604600010199008","Oquitoa","Oquitoa","2604600016480","LOS RESIDENTES",0,"letrero_c",1,1,"Todas las
vialidades"
260460001,"2604600010199008","Oquitoa","Oquitoa","2604600016480","LOS RESIDENTES",0,"rampas_c",3,1,"Ninguna
vialidad"
260460001,"2604600010199008","Oquitoa","Oquitoa","2604600016480","LOS RESIDENTES",0,"semaforopeat_c",3,1,"Ninguna
vialidad"
260460001,"2604600010199008","Oquitoa","Oquitoa","2604600016480","LOS RESIDENTES",0,"semaforoaudi_c",3,1,"Ninguna
vialidad"
260460001,"2604600010199008","Oquitoa","Oquitoa","2604600016480","LOS RESIDENTES",0,"paradatrans_c",3,1,"Ninguna
vialidad"
260460001,"2604600010199008","Oquitoa","Oquitoa","2604600016480","LOS RESIDENTES",0,"estacionbici_c",3,1,"Ninguna
vialidad"
260460001,"2604600010199008","Oquitoa","Oquitoa","2604600016480","LOS RESIDENTES",0,"arboles_c",3,1,"Ninguna
vialidad"
260460001,"2604600010199008","Oquitoa","Oquitoa","2604600016480","LOS RESIDENTES",0,"alumpub_c",1,1,"Todas las
vialidades"
260460001,"2604600010199008","Oquitoa","Oquitoa","2604600016480","LOS RESIDENTES",0,"telpub_c",3,1,"Ninguna
vialidad"
260460001,"2604600010199008","Oquitoa","Oquitoa","2604600016480","LOS RESIDENTES",0,"puessemi_c",3,1,"Ninguna
vialidad"
260460001,"2604600010199008","Oquitoa","Oquitoa","2604600016480","LOS RESIDENTES",0,"puesambu_c",3,1,"Ninguna
vialidad"
260460001,"2604600010199008","Oquitoa","Oquitoa","2604600016480","LOS RESIDENTES",0,"banqueta_c",1,1,"Todas las
vialidades"
260460001,"2604600010199008","Oquitoa","Oquitoa","2604600016480","LOS RESIDENTES",0,"guarnici_c",1,1,"Todas las
vialidades"
